ID,ClinVar CLNSIG,ClinVar CLNDBN,RefGeno,RiskGeno,Orientation,Stabilized,Reference,Chromosome,Position,Gene,Genotype,Magnitude,Summary
Rs1042602,255,"Skin/hair/eye pigmentation, variation in, 3,Tyrosinase-negative oculocutaneous albinism,not provided,not specified,Oculocutaneous albinism",Rs1042602(C;C),Rs1042602(A;A),plus,plus,GRCh38 38.1/141,11,89178528.0,"LOC107984363, TYR",(A;A),,associated with the absence of freckles
Rs1042602,255,"Skin/hair/eye pigmentation, variation in, 3,Tyrosinase-negative oculocutaneous albinism,not provided,not specified,Oculocutaneous albinism",Rs1042602(C;C),Rs1042602(A;A),plus,plus,GRCh38 38.1/141,11,89178528.0,"LOC107984363, TYR",(A;C),,
Rs1042602,255,"Skin/hair/eye pigmentation, variation in, 3,Tyrosinase-negative oculocutaneous albinism,not provided,not specified,Oculocutaneous albinism",Rs1042602(C;C),Rs1042602(A;A),plus,plus,GRCh38 38.1/141,11,89178528.0,"LOC107984363, TYR",(C;C),0.0,
Rs104894094,255,"Melanoma, cutaneous malignant, susceptibility to, 2,Melanoma-pancreatic cancer syndrome,Hereditary cancer-predisposing syndrome,Hereditary cutaneous melanoma,not provided,Cutaneous melanoma,not specified",Rs104894094(G;G),"Rs104894094(T;T),Rs104894094(C;C)",minus,minus,GRCh38 38.1/141,9,21971058.0,CDKN2A,(G;G),0.0,MelanomaMelanoma-pancreatic cancer syndromeHereditary cancer-predisposing syndromeHereditary cutaneous melanomanot providedCutaneous melanomanot specified
Rs104894095,255,"Melanoma, cutaneous malignant, susceptibility to, 2,Hereditary cancer-predisposing syndrome,Hereditary cutaneous melanoma,not provided",Rs104894095(G;G),"Rs104894095(A;A),Rs104894095(C;C)",minus,minus,GRCh38 38.1/141,9,21971200.0,CDKN2A,(G;G),0.0,MelanomaHereditary cancer-predisposing syndromeHereditary cutaneous melanomanot provided
Rs104894097,255,"Melanoma, cutaneous malignant, susceptibility to, 2,Hereditary cancer-predisposing syndrome,not provided,Melanoma-pancreatic cancer syndrome,Hereditary cutaneous melanoma",Rs104894097(G;G),"Rs104894097(C;C),Rs104894097(A;A)",minus,minus,GRCh38 38.1/141,9,21974757.0,CDKN2A,(C;G),5.0,Malignant melanoma predisposing mutation
Rs104894097,255,"Melanoma, cutaneous malignant, susceptibility to, 2,Hereditary cancer-predisposing syndrome,not provided,Melanoma-pancreatic cancer syndrome,Hereditary cutaneous melanoma",Rs104894097(G;G),"Rs104894097(C;C),Rs104894097(A;A)",minus,minus,GRCh38 38.1/141,9,21974757.0,CDKN2A,(G;G),0.0,common in complete genomics
Rs104894098,255,"Melanoma, cutaneous malignant, susceptibility to, 2,Hereditary cancer-predisposing syndrome,not provided,Hereditary cutaneous melanoma",Rs104894098(T;T),Rs104894098(A;A),minus,minus,GRCh38 38.1/141,9,21970982.0,CDKN2A,(A;T),7.0,Pancreatic cancer/Melanoma Syndrome
Rs104894098,255,"Melanoma, cutaneous malignant, susceptibility to, 2,Hereditary cancer-predisposing syndrome,not provided,Hereditary cutaneous melanoma",Rs104894098(T;T),Rs104894098(A;A),minus,minus,GRCh38 38.1/141,9,21970982.0,CDKN2A,(T;T),0.0,common in complete genomics
Rs104894099,255,"Melanoma, cutaneous malignant, susceptibility to, 2,Melanoma-pancreatic cancer syndrome,Hereditary cancer-predisposing syndrome",Rs104894099(T;T),Rs104894099(G;G),minus,minus,GRCh38 38.1/141,9,21971183.0,CDKN2A,(T;T),0.0,common in complete genomics
Rs104894109,255,"Melanoma, cutaneous malignant, susceptibility to, 2,Hereditary cutaneous melanoma",Rs104894109(G;G),Rs104894109(T;T),minus,minus,GRCh38 38.1/141,9,21971192.0,CDKN2A,(G;G),0.0,common in complete genomics
Rs104894340,255,"Cutaneous malignant melanoma 3,Malignant melanoma of skin,Adenocarcinoma of lung,Multiple myeloma,Malignant melanoma",Rs104894340(G;G),"Rs104894340(A;A),Rs104894340(T;T)",minus,minus,GRCh38 38.1/141,12,57751647.0,CDK4,(G;G),0.0,common in complete genomics
Rs104894523,255,"Uv-induced skin damage, susceptibility to",Rs104894523(C;C),"Rs104894523(A;A),Rs104894523(T;T)",plus,plus,GRCh38 38.1/141,16,89919733.0,MC1R,(C;C),0.0,common in complete genomics
Rs104894524,255,"Uv-induced skin damage, susceptibility to",Rs104894524(C;C),Rs104894524(T;T),plus,plus,GRCh38 38.1/141,16,89919728.0,MC1R,(C;C),0.0,common in complete genomics
Rs104895094,255,"Familial Mediterranean fever,not provided,Familial mediterranean fever, autosomal dominant,Abnormality of the teeth,Cachexia,Intermittent diarrhea,Peripheral neuropathy,Syncope,Urticaria",Rs104895094(A;A),"Rs104895094(G;G),Rs104895094(T;T)",minus,minus,GRCh38 38.1/142,16,3243403.0,MEFV,(A;A),0.0,Familial Mediterranean fevernot providedFamilial mediterranean feverAbnormality of the teethCachexiaIntermittent diarrheaPeripheral neuropathySyncopeUrticaria
Rs104895094,255,"Familial Mediterranean fever,not provided,Familial mediterranean fever, autosomal dominant,Abnormality of the teeth,Cachexia,Intermittent diarrhea,Peripheral neuropathy,Syncope,Urticaria",Rs104895094(A;A),"Rs104895094(G;G),Rs104895094(T;T)",minus,minus,GRCh38 38.1/142,16,3243403.0,MEFV,(A;G),3.0,Carrier of a familial mediterranean fever mutation
Rs104895094,255,"Familial Mediterranean fever,not provided,Familial mediterranean fever, autosomal dominant,Abnormality of the teeth,Cachexia,Intermittent diarrhea,Peripheral neuropathy,Syncope,Urticaria",Rs104895094(A;A),"Rs104895094(G;G),Rs104895094(T;T)",minus,minus,GRCh38 38.1/142,16,3243403.0,MEFV,(G;G),5.0,"Familial Mediterranean Fever, autosomal recessive"
Rs111671429,255,"Marfan syndrome,not specified,Geleophysic dysplasia,Weill-Marchesani syndrome,MASS syndrome,Thoracic aortic aneurysm and aortic dissection,Ectopia lentis,Stiff skin syndrome,Acromicric dysplasia,not provided",Rs111671429(C;C),"Rs111671429(G;G),Rs111671429(T;T)",minus,minus,GRCh38 38.1/141,15,48596311.0,FBN1,(C;C),0.0,Marfan syndromenot specifiedGeleophysic dysplasiaWeill-Marchesani syndromeMASS syndromeThoracic aortic aneurysm and aortic dissectionEctopia lentisStiff skin syndromeAcromicric dysplasianot provided
Rs111671429,255,"Marfan syndrome,not specified,Geleophysic dysplasia,Weill-Marchesani syndrome,MASS syndrome,Thoracic aortic aneurysm and aortic dissection,Ectopia lentis,Stiff skin syndrome,Acromicric dysplasia,not provided",Rs111671429(C;C),"Rs111671429(G;G),Rs111671429(T;T)",minus,minus,GRCh38 38.1/141,15,48596311.0,FBN1,(C;G),6.0,Marfan syndrome mutation
Rs11209026,255,"Inflammatory bowel disease 17, protection against,Psoriasis, protection against",Rs11209026(G;G),Rs11209026(A;A),plus,plus,GRCh38 38.1/141,1,67240275.0,IL23R,(A;A),3.0,0.26x lower risk for certain autoimmune diseases.
Rs11209026,255,"Inflammatory bowel disease 17, protection against,Psoriasis, protection against",Rs11209026(G;G),Rs11209026(A;A),plus,plus,GRCh38 38.1/141,1,67240275.0,IL23R,(A;G),2.5,0.26x lower risk for certain autoimmune diseases.
Rs11209026,255,"Inflammatory bowel disease 17, protection against,Psoriasis, protection against",Rs11209026(G;G),Rs11209026(A;A),plus,plus,GRCh38 38.1/141,1,67240275.0,IL23R,(G;G),1.1,"Normal, but higher risk for certain autoimmune diseases."
Rs11214077,255,"Carcinoid tumor of intestine,Pheochromocytoma,Merkel cell carcinoma,not provided,not specified,Hereditary cancer-predisposing syndrome,Cowden syndrome 3,Paraganglioma and gastric stromal sarcoma,Paragangliomas 1",Rs11214077(A;A),Rs11214077(G;G),plus,plus,GRCh38 38.1/141,11,112087953.0,"SDHD, TIMM8B",(A;A),0.0,Carcinoid tumor of intestinePheochromocytomaMerkel cell carcinomanot providednot specifiedHereditary cancer-predisposing syndromeCowden syndrome 3Paraganglioma and gastric stromal sarcomaParagangliomas 1
Rs11214077,255,"Carcinoid tumor of intestine,Pheochromocytoma,Merkel cell carcinoma,not provided,not specified,Hereditary cancer-predisposing syndrome,Cowden syndrome 3,Paraganglioma and gastric stromal sarcoma,Paragangliomas 1",Rs11214077(A;A),Rs11214077(G;G),plus,plus,GRCh38 38.1/141,11,112087953.0,"SDHD, TIMM8B",(A;G),1.0,classified as benign variant in ClinVar
Rs11214077,255,"Carcinoid tumor of intestine,Pheochromocytoma,Merkel cell carcinoma,not provided,not specified,Hereditary cancer-predisposing syndrome,Cowden syndrome 3,Paraganglioma and gastric stromal sarcoma,Paragangliomas 1",Rs11214077(A;A),Rs11214077(G;G),plus,plus,GRCh38 38.1/141,11,112087953.0,"SDHD, TIMM8B",(G;G),1.0,most likely a benign genotype according to ClinVar (although rare)
Rs1126809,255,"Oculocutaneous albinism type 1, temperature sensitive,Cutaneous malignant melanoma 8,Skin/hair/eye pigmentation, variation in, 3,Skin/hair/eye pigmentation 3, blue/green eyes,not provided,Oculocutaneous albinism type 1B,Waardenburg syndrome 2 and ocular albinism, digenic,not specified,Oculocutaneous albinism",Rs1126809(G;G),Rs1126809(A;A),plus,plus,GRCh38 38.1/141,11,89284793.0,"LOC107984363, TYR",(A;A),,slight increase in skin cancer risk
Rs1126809,255,"Oculocutaneous albinism type 1, temperature sensitive,Cutaneous malignant melanoma 8,Skin/hair/eye pigmentation, variation in, 3,Skin/hair/eye pigmentation 3, blue/green eyes,not provided,Oculocutaneous albinism type 1B,Waardenburg syndrome 2 and ocular albinism, digenic,not specified,Oculocutaneous albinism",Rs1126809(G;G),Rs1126809(A;A),plus,plus,GRCh38 38.1/141,11,89284793.0,"LOC107984363, TYR",(A;G),0.0,slight increase in skin cancer risk
Rs1126809,255,"Oculocutaneous albinism type 1, temperature sensitive,Cutaneous malignant melanoma 8,Skin/hair/eye pigmentation, variation in, 3,Skin/hair/eye pigmentation 3, blue/green eyes,not provided,Oculocutaneous albinism type 1B,Waardenburg syndrome 2 and ocular albinism, digenic,not specified,Oculocutaneous albinism",Rs1126809(G;G),Rs1126809(A;A),plus,plus,GRCh38 38.1/141,11,89284793.0,"LOC107984363, TYR",(G;G),0.0,normal
Rs113798404,255,"Melanoma, cutaneous malignant, susceptibility to, 2",Rs113798404(C;C),"Rs113798404(G;G),Rs113798404(T;T)",plus,plus,GRCh38 38.1/142,9,21970995.0,CDKN2A,(G;G),0.0,common in complete genomics
Rs11540652,255,"Li-Fraumeni syndrome 1,Hereditary cancer-predisposing syndrome,Sarcoma,Li-Fraumeni syndrome 2,Li-Fraumeni syndrome,not provided,Uterine Carcinosarcoma,Transitional cell carcinoma of the bladder,Neoplasm of brain,Squamous cell carcinoma of lung,Brainstem glioma,Medulloblastoma,Myelodysplastic syndrome,Pancreatic adenocarcinoma,Squamous cell carcinoma of the head and neck,Adenocarcinoma of lung,Acute myeloid leukemia,Chronic lymphocytic leukemia,Ovarian Serous Cystadenocarcinoma,Adenocarcinoma of stomach,Small cell lung cancer,Squamous cell carcinoma of the skin,Hepatocellular carcinoma,Neoplasm of breast,Oesophageal carcinoma,Multiple myeloma,Colorectal Neoplasms,Glioblastoma,Malignant melanoma of skin,Adenocarcinoma of prostate,Malignant neoplasm of body of uterus,Neoplasm",Rs11540652(G;G),"Rs11540652(A;A),Rs11540652(C;C),Rs11540652(T;T)",minus,minus,GRCh38 38.1/141,17,7674220.0,TP53,(A;G),7.0,Li-Fraumeni Syndrome (predicted)
Rs11540652,255,"Li-Fraumeni syndrome 1,Hereditary cancer-predisposing syndrome,Sarcoma,Li-Fraumeni syndrome 2,Li-Fraumeni syndrome,not provided,Uterine Carcinosarcoma,Transitional cell carcinoma of the bladder,Neoplasm of brain,Squamous cell carcinoma of lung,Brainstem glioma,Medulloblastoma,Myelodysplastic syndrome,Pancreatic adenocarcinoma,Squamous cell carcinoma of the head and neck,Adenocarcinoma of lung,Acute myeloid leukemia,Chronic lymphocytic leukemia,Ovarian Serous Cystadenocarcinoma,Adenocarcinoma of stomach,Small cell lung cancer,Squamous cell carcinoma of the skin,Hepatocellular carcinoma,Neoplasm of breast,Oesophageal carcinoma,Multiple myeloma,Colorectal Neoplasms,Glioblastoma,Malignant melanoma of skin,Adenocarcinoma of prostate,Malignant neoplasm of body of uterus,Neoplasm",Rs11540652(G;G),"Rs11540652(A;A),Rs11540652(C;C),Rs11540652(T;T)",minus,minus,GRCh38 38.1/141,17,7674220.0,TP53,(C;C),0.0,
Rs11540652,255,"Li-Fraumeni syndrome 1,Hereditary cancer-predisposing syndrome,Sarcoma,Li-Fraumeni syndrome 2,Li-Fraumeni syndrome,not provided,Uterine Carcinosarcoma,Transitional cell carcinoma of the bladder,Neoplasm of brain,Squamous cell carcinoma of lung,Brainstem glioma,Medulloblastoma,Myelodysplastic syndrome,Pancreatic adenocarcinoma,Squamous cell carcinoma of the head and neck,Adenocarcinoma of lung,Acute myeloid leukemia,Chronic lymphocytic leukemia,Ovarian Serous Cystadenocarcinoma,Adenocarcinoma of stomach,Small cell lung cancer,Squamous cell carcinoma of the skin,Hepatocellular carcinoma,Neoplasm of breast,Oesophageal carcinoma,Multiple myeloma,Colorectal Neoplasms,Glioblastoma,Malignant melanoma of skin,Adenocarcinoma of prostate,Malignant neoplasm of body of uterus,Neoplasm",Rs11540652(G;G),"Rs11540652(A;A),Rs11540652(C;C),Rs11540652(T;T)",minus,minus,GRCh38 38.1/141,17,7674220.0,TP53,(C;G),7.0,Li-Fraumeni Syndrome (predicted)
Rs11540652,255,"Li-Fraumeni syndrome 1,Hereditary cancer-predisposing syndrome,Sarcoma,Li-Fraumeni syndrome 2,Li-Fraumeni syndrome,not provided,Uterine Carcinosarcoma,Transitional cell carcinoma of the bladder,Neoplasm of brain,Squamous cell carcinoma of lung,Brainstem glioma,Medulloblastoma,Myelodysplastic syndrome,Pancreatic adenocarcinoma,Squamous cell carcinoma of the head and neck,Adenocarcinoma of lung,Acute myeloid leukemia,Chronic lymphocytic leukemia,Ovarian Serous Cystadenocarcinoma,Adenocarcinoma of stomach,Small cell lung cancer,Squamous cell carcinoma of the skin,Hepatocellular carcinoma,Neoplasm of breast,Oesophageal carcinoma,Multiple myeloma,Colorectal Neoplasms,Glioblastoma,Malignant melanoma of skin,Adenocarcinoma of prostate,Malignant neoplasm of body of uterus,Neoplasm",Rs11540652(G;G),"Rs11540652(A;A),Rs11540652(C;C),Rs11540652(T;T)",minus,minus,GRCh38 38.1/141,17,7674220.0,TP53,(G;G),0.0,Hereditary cancer-predisposing syndromeUterine CarcinosarcomaTransitional cell carcinoma of the bladderNeoplasm of brainSquamous cell carcinoma of lungBrainstem gliomaMedulloblastomaMyelodysplastic syndromePancreatic adenocarcinomaSquamous cell carcinoma of the head and neckAdenocarcinoma of lungAcute myeloid leukemiaChronic lymphocytic leukemiaOvarian Serous CystadenocarcinomaAdenocarcinoma of stomachSmall cell lung cancerSquamous cell carcinoma of the skinHepatocellular carcinomaNeoplasm of breastOesophageal carcinomaMultiple myelomaColorectal NeoplasmsGlioblastomaMalignant melanoma of skinAdenocarcinoma of prostateMalignant neoplasm of body of uterusLi-Fraumeni syndromeLi-Fraumeni syndrome 1SarcomaLi-Fraumeni syndrome 2not providedNeoplasm
Rs11540652,255,"Li-Fraumeni syndrome 1,Hereditary cancer-predisposing syndrome,Sarcoma,Li-Fraumeni syndrome 2,Li-Fraumeni syndrome,not provided,Uterine Carcinosarcoma,Transitional cell carcinoma of the bladder,Neoplasm of brain,Squamous cell carcinoma of lung,Brainstem glioma,Medulloblastoma,Myelodysplastic syndrome,Pancreatic adenocarcinoma,Squamous cell carcinoma of the head and neck,Adenocarcinoma of lung,Acute myeloid leukemia,Chronic lymphocytic leukemia,Ovarian Serous Cystadenocarcinoma,Adenocarcinoma of stomach,Small cell lung cancer,Squamous cell carcinoma of the skin,Hepatocellular carcinoma,Neoplasm of breast,Oesophageal carcinoma,Multiple myeloma,Colorectal Neoplasms,Glioblastoma,Malignant melanoma of skin,Adenocarcinoma of prostate,Malignant neoplasm of body of uterus,Neoplasm",Rs11540652(G;G),"Rs11540652(A;A),Rs11540652(C;C),Rs11540652(T;T)",minus,minus,GRCh38 38.1/141,17,7674220.0,TP53,(G;T),7.0,Li-Fraumeni Syndrome (predicted)
Rs11547328,255,"Cutaneous malignant melanoma 3,Hereditary cutaneous melanoma,Adenocarcinoma of lung,Multiple myeloma,Malignant melanoma of skin,not provided",Rs11547328(C;C),"Rs11547328(T;T),Rs11547328(A;A)",minus,minus,GRCh38 38.1/141,12,57751648.0,CDK4,(C;C),0.0,common in complete genomics
Rs11547328,255,"Cutaneous malignant melanoma 3,Hereditary cutaneous melanoma,Adenocarcinoma of lung,Multiple myeloma,Malignant melanoma of skin,not provided",Rs11547328(C;C),"Rs11547328(T;T),Rs11547328(A;A)",minus,minus,GRCh38 38.1/141,12,57751648.0,CDK4,(G;G),0.0,
Rs117149381,255,"Ciliary dyskinesia, primary, 6,not specified",Rs117149381(C;C),Rs117149381(T;T),plus,plus,GRCh38 38.1/141,7,37862001.0,NME8,(C;C),0.0,Ciliary dyskinesianot specified
Rs12150220,255,Vitiligo-associated multiple autoimmune disease susceptibility 1,Rs12150220(A;A),Rs12150220(T;T),plus,plus,GRCh38 38.1/141,17,5582047.0,NLRP1,(A;A),,slightly increased risk for several autoimmune diseases
Rs12150220,255,Vitiligo-associated multiple autoimmune disease susceptibility 1,Rs12150220(A;A),Rs12150220(T;T),plus,plus,GRCh38 38.1/141,17,5582047.0,NLRP1,(A;T),,slightly increased risk for several autoimmune diseases
Rs12150220,255,Vitiligo-associated multiple autoimmune disease susceptibility 1,Rs12150220(A;A),Rs12150220(T;T),plus,plus,GRCh38 38.1/141,17,5582047.0,NLRP1,(T;T),,normal
Rs121908147,255,"Familial cold urticaria,not provided,not specified,Familial cold autoinflammatory syndrome",Rs121908147(G;G),"Rs121908147(A;A),Rs121908147(C;C)",plus,plus,GRCh38 38.1/141,1,247424041.0,NLRP3,(G;G),0.0,Familial cold urticarianot providednot specifiedFamilial cold autoinflammatory syndrome
Rs121908854,255,"Ciliary dyskinesia, primary, 7,Primary ciliary dyskinesia",Rs121908854(C;C),"Rs121908854(T;T),Rs121908854(G;G),Rs121908854(A;A)",plus,plus,GRCh38 38.1/141,7,21748602.0,DNAH11,(C;C),0.0,Primary ciliary dyskinesiaCiliary dyskinesia
Rs121909626,255,"Ichthyosis vulgaris,Dermatitis, atopic, 2, susceptibility to",Rs121909626(C;C),Rs121909626(G;G),minus,minus,GRCh38 38.1/141,1,152307225.0,FLG,(C;C),0.0,Ichthyosis vulgarisDermatitis
Rs121909626,255,"Ichthyosis vulgaris,Dermatitis, atopic, 2, susceptibility to",Rs121909626(C;C),Rs121909626(G;G),minus,minus,GRCh38 38.1/141,1,152307225.0,FLG,(C;G),4.0,"Ichthyosis vulgaris (dry, scaly skin)"
Rs121912651,255,"Li-Fraumeni syndrome 1,Hereditary cancer-predisposing syndrome,Li-Fraumeni syndrome,not provided,Acute myeloid leukemia,Adenocarcinoma of lung,Glioblastoma,Small cell lung cancer,Squamous cell carcinoma of the head and neck,Chronic lymphocytic leukemia,Brainstem glioma,Ovarian Serous Cystadenocarcinoma,Myelodysplastic syndrome,Adenocarcinoma of prostate,Neoplasm of breast,Oesophageal carcinoma,Adenocarcinoma of stomach,Multiple myeloma,Uterine Carcinosarcoma,Neoplasm of brain,Squamous cell carcinoma of lung,Hepatocellular carcinoma,Transitional cell carcinoma of the bladder,Neoplasm,Colorectal Neoplasms,Medulloblastoma,Malignant neoplasm of body of uterus,Squamous cell carcinoma of the skin,Malignant melanoma of skin,Pancreatic adenocarcinoma",Rs121912651(C;C),"Rs121912651(T;T),Rs121912651(G;G)",minus,minus,GRCh38 38.1/141,17,7674221.0,TP53,(C;C),0.0,Li-Fraumeni syndrome 1Hereditary cancer-predisposing syndromeLi-Fraumeni syndromenot providedAcute myeloid leukemiaAdenocarcinoma of lungGlioblastomaSmall cell lung cancerSquamous cell carcinoma of the head and neckChronic lymphocytic leukemiaBrainstem gliomaOvarian Serous CystadenocarcinomaMyelodysplastic syndromeAdenocarcinoma of prostateNeoplasm of breastOesophageal carcinomaAdenocarcinoma of stomachMultiple myelomaUterine CarcinosarcomaNeoplasm of brainSquamous cell carcinoma of lungHepatocellular carcinomaTransitional cell carcinoma of the bladderNeoplasmColorectal NeoplasmsMedulloblastomaMalignant neoplasm of body of uterusSquamous cell carcinoma of the skinMalignant melanoma of skinPancreatic adenocarcinoma
Rs121912651,255,"Li-Fraumeni syndrome 1,Hereditary cancer-predisposing syndrome,Li-Fraumeni syndrome,not provided,Acute myeloid leukemia,Adenocarcinoma of lung,Glioblastoma,Small cell lung cancer,Squamous cell carcinoma of the head and neck,Chronic lymphocytic leukemia,Brainstem glioma,Ovarian Serous Cystadenocarcinoma,Myelodysplastic syndrome,Adenocarcinoma of prostate,Neoplasm of breast,Oesophageal carcinoma,Adenocarcinoma of stomach,Multiple myeloma,Uterine Carcinosarcoma,Neoplasm of brain,Squamous cell carcinoma of lung,Hepatocellular carcinoma,Transitional cell carcinoma of the bladder,Neoplasm,Colorectal Neoplasms,Medulloblastoma,Malignant neoplasm of body of uterus,Squamous cell carcinoma of the skin,Malignant melanoma of skin,Pancreatic adenocarcinoma",Rs121912651(C;C),"Rs121912651(T;T),Rs121912651(G;G)",minus,minus,GRCh38 38.1/141,17,7674221.0,TP53,(C;G),7.0,Li-Fraumeni Syndrome (predicted)
Rs121912651,255,"Li-Fraumeni syndrome 1,Hereditary cancer-predisposing syndrome,Li-Fraumeni syndrome,not provided,Acute myeloid leukemia,Adenocarcinoma of lung,Glioblastoma,Small cell lung cancer,Squamous cell carcinoma of the head and neck,Chronic lymphocytic leukemia,Brainstem glioma,Ovarian Serous Cystadenocarcinoma,Myelodysplastic syndrome,Adenocarcinoma of prostate,Neoplasm of breast,Oesophageal carcinoma,Adenocarcinoma of stomach,Multiple myeloma,Uterine Carcinosarcoma,Neoplasm of brain,Squamous cell carcinoma of lung,Hepatocellular carcinoma,Transitional cell carcinoma of the bladder,Neoplasm,Colorectal Neoplasms,Medulloblastoma,Malignant neoplasm of body of uterus,Squamous cell carcinoma of the skin,Malignant melanoma of skin,Pancreatic adenocarcinoma",Rs121912651(C;C),"Rs121912651(T;T),Rs121912651(G;G)",minus,minus,GRCh38 38.1/141,17,7674221.0,TP53,(C;T),7.0,Li-Fraumeni Syndrome (predicted)
Rs121913274,255,"Hepatocellular carcinoma,Neoplasm of ovary,Small cell lung cancer,Renal cell carcinoma,Malignant melanoma of skin,Papillary renal cell carcinoma, sporadic,Carcinoma of gallbladder,Colorectal Neoplasms,Ovarian Neoplasms,Ovarian Serous Cystadenocarcinoma,Adenocarcinoma of prostate,Squamous cell carcinoma of lung,Glioblastoma,Transitional cell carcinoma of the bladder,Uterine Carcinosarcoma,Pancreatic adenocarcinoma,Adenocarcinoma of lung,Uterine cervical neoplasms,Squamous cell carcinoma of the head and neck,Neoplasm of breast,Adenocarcinoma of stomach,Neoplasm of brain,Malignant neoplasm of body of uterus,Brainstem glioma,Oesophageal carcinoma,Nasopharyngeal Neoplasms,Carcinoma of colon,Epidermal nevus,Malignant melanoma",Rs121913274(A;A),"Rs121913274(C;C),Rs121913274(G;G),Rs121913274(T;T)",plus,plus,GRCh38 38.1/141,3,179218304.0,PIK3CA,(A;A),0.0,Hepatocellular carcinomaNeoplasm of ovarySmall cell lung cancerRenal cell carcinomaMalignant melanoma of skinPapillary renal cell carcinomaCarcinoma of gallbladderColorectal NeoplasmsOvarian NeoplasmsOvarian Serous CystadenocarcinomaAdenocarcinoma of prostateSquamous cell carcinoma of lungGlioblastomaTransitional cell carcinoma of the bladderUterine CarcinosarcomaPancreatic adenocarcinomaAdenocarcinoma of lungUterine cervical neoplasmsSquamous cell carcinoma of the head and neckNeoplasm of breastAdenocarcinoma of stomachNeoplasm of brainMalignant neoplasm of body of uterusBrainstem gliomaOesophageal carcinomaNasopharyngeal NeoplasmsCarcinoma of colonEpidermal nevusMalignant melanoma
Rs121913279,255,"Breast adenocarcinoma,Ovarian epithelial cancer,Carcinoma of colon,Neoplasm of stomach,Hepatocellular carcinoma,Non-small cell lung cancer,Keratosis, seborrheic,Congenital lipomatous overgrowth, vascular malformations, and epidermal nevi,Neoplasm of ovary,PIK3CA related overgrowth spectrum,Malignant melanoma of skin,Pancreatic adenocarcinoma,Ovarian Neoplasms,Medulloblastoma,Adenocarcinoma of lung,Uterine Carcinosarcoma,Brainstem glioma,Squamous cell carcinoma of lung,Transitional cell carcinoma of the bladder,Malignant neoplasm of body of uterus,Adrenocortical carcinoma,Ovarian Serous Cystadenocarcinoma,Neoplasm of brain,Renal cell carcinoma,Neoplasm of breast,Colorectal Neoplasms,Squamous cell carcinoma of the head and neck,Oesophageal carcinoma,Neoplasm,Uterine cervical neoplasms,Glioblastoma,Adenocarcinoma of prostate,Adenocarcinoma of stomach,Rosette-forming glioneuronal tumor",Rs121913279(A;A),"Rs121913279(G;G),Rs121913279(T;T)",plus,plus,GRCh38 38.1/141,3,179234297.0,PIK3CA,(A;A),0.0,Breast adenocarcinomaOvarian epithelial cancerCarcinoma of colonNeoplasm of stomachHepatocellular carcinomaNon-small cell lung cancerKeratosisCongenital lipomatous overgrowthNeoplasm of ovaryPIK3CA related overgrowth spectrumMalignant melanoma of skinPancreatic adenocarcinomaOvarian NeoplasmsMedulloblastomaAdenocarcinoma of lungUterine CarcinosarcomaBrainstem gliomaSquamous cell carcinoma of lungTransitional cell carcinoma of the bladderMalignant neoplasm of body of uterusAdrenocortical carcinomaOvarian Serous CystadenocarcinomaNeoplasm of brainRenal cell carcinomaNeoplasm of breastColorectal NeoplasmsSquamous cell carcinoma of the head and neckOesophageal carcinomaNeoplasmUterine cervical neoplasmsGlioblastomaAdenocarcinoma of prostateAdenocarcinoma of stomachRosette-forming glioneuronal tumor
Rs121913315,255,"Peutz-Jeghers syndrome,Cutaneous malignant melanoma 1,Adenocarcinoma of lung,Neoplasm,Hereditary cancer-predisposing syndrome,Malignant melanoma",Rs121913315(G;G),"Rs121913315(A;A),Rs121913315(T;T)",plus,plus,GRCh38 38.1/141,19,1220488.0,STK11,(A;G),5.8,STK11 gene mutation associated with Peutz-Jeghers syndrome
Rs121913315,255,"Peutz-Jeghers syndrome,Cutaneous malignant melanoma 1,Adenocarcinoma of lung,Neoplasm,Hereditary cancer-predisposing syndrome,Malignant melanoma",Rs121913315(G;G),"Rs121913315(A;A),Rs121913315(T;T)",plus,plus,GRCh38 38.1/141,19,1220488.0,STK11,(G;G),0.0,Peutz-Jeghers syndromeAdenocarcinoma of lungNeoplasmHereditary cancer-predisposing syndromeCutaneous malignant melanoma 1Malignant melanoma
Rs121913315,255,"Peutz-Jeghers syndrome,Cutaneous malignant melanoma 1,Adenocarcinoma of lung,Neoplasm,Hereditary cancer-predisposing syndrome,Malignant melanoma",Rs121913315(G;G),"Rs121913315(A;A),Rs121913315(T;T)",plus,plus,GRCh38 38.1/141,19,1220488.0,STK11,(G;T),5.8,Cutaneous malignant melanoma designation in Clinvar; cancer risk?
Rs121913343,255,"Hereditary cancer-predisposing syndrome,Li-Fraumeni syndrome 1,Malignant tumor of prostate,Li-Fraumeni syndrome,not provided,Neoplasm of breast,Neoplasm,Hepatocellular carcinoma,Acute myeloid leukemia,Adenocarcinoma of lung,Glioblastoma,Ovarian Serous Cystadenocarcinoma,Chronic lymphocytic leukemia,Malignant neoplasm of body of uterus,Neoplasm of brain,Medulloblastoma,Malignant melanoma of skin,Brainstem glioma,Squamous cell carcinoma of the head and neck,Small cell lung cancer,Oesophageal carcinoma,Multiple myeloma,Adrenocortical carcinoma,Adenocarcinoma of prostate,Pancreatic adenocarcinoma,Squamous cell carcinoma of lung,Colorectal Neoplasms,Adenocarcinoma of stomach,Uterine Carcinosarcoma,Transitional cell carcinoma of the bladder",Rs121913343(C;C),"Rs121913343(T;T),Rs121913343(A;A)",minus,minus,GRCh38 38.1/141,17,7673803.0,TP53,(C;C),0.0,Hereditary cancer-predisposing syndromeLi-Fraumeni syndrome 1Malignant tumor of prostateLi-Fraumeni syndromenot providedNeoplasm of breastNeoplasmHepatocellular carcinomaAcute myeloid leukemiaAdenocarcinoma of lungGlioblastomaOvarian Serous CystadenocarcinomaChronic lymphocytic leukemiaMalignant neoplasm of body of uterusNeoplasm of brainMedulloblastomaMalignant melanoma of skinBrainstem gliomaSquamous cell carcinoma of the head and neckSmall cell lung cancerOesophageal carcinomaMultiple myelomaAdrenocortical carcinomaAdenocarcinoma of prostatePancreatic adenocarcinomaSquamous cell carcinoma of lungColorectal NeoplasmsAdenocarcinoma of stomachUterine CarcinosarcomaTransitional cell carcinoma of the bladder
Rs121913343,255,"Hereditary cancer-predisposing syndrome,Li-Fraumeni syndrome 1,Malignant tumor of prostate,Li-Fraumeni syndrome,not provided,Neoplasm of breast,Neoplasm,Hepatocellular carcinoma,Acute myeloid leukemia,Adenocarcinoma of lung,Glioblastoma,Ovarian Serous Cystadenocarcinoma,Chronic lymphocytic leukemia,Malignant neoplasm of body of uterus,Neoplasm of brain,Medulloblastoma,Malignant melanoma of skin,Brainstem glioma,Squamous cell carcinoma of the head and neck,Small cell lung cancer,Oesophageal carcinoma,Multiple myeloma,Adrenocortical carcinoma,Adenocarcinoma of prostate,Pancreatic adenocarcinoma,Squamous cell carcinoma of lung,Colorectal Neoplasms,Adenocarcinoma of stomach,Uterine Carcinosarcoma,Transitional cell carcinoma of the bladder",Rs121913343(C;C),"Rs121913343(T;T),Rs121913343(A;A)",minus,minus,GRCh38 38.1/141,17,7673803.0,TP53,(C;G),7.0,Li-Fraumeni Syndrome (predicted)
Rs121913351,255,"Adenocarcinoma of lung,Non-small cell lung cancer,Multiple myeloma,Malignant melanoma of skin,Colorectal Neoplasms,Lung cancer,Squamous cell carcinoma of the head and neck,Squamous cell carcinoma of lung,Malignant melanoma",Rs121913351(G;G),"Rs121913351(A;A),Rs121913351(C;C),Rs121913351(T;T)",minus,minus,GRCh38 38.1/141,7,140781611.0,BRAF,(G;G),0.0,Adenocarcinoma of lungNon-small cell lung cancerMultiple myelomaMalignant melanoma of skinColorectal NeoplasmsLung cancerSquamous cell carcinoma of the head and neckSquamous cell carcinoma of lungMalignant melanoma
Rs121913400,255,"Carcinoma of colon,Pilomatrixoma,Adenocarcinoma of prostate,Oesophageal carcinoma,Pancreatic adenocarcinoma,Hepatocellular carcinoma,Adenocarcinoma of stomach,Malignant melanoma of skin,Medulloblastoma,Malignant neoplasm of body of uterus,Transitional cell carcinoma of the bladder,Endometrial neoplasm,Colorectal Neoplasms,Adenocarcinoma of lung,Parathyroid gland neoplasm,Ovarian Neoplasms,Neoplasm of brain",Rs121913400(C;C),"Rs121913400(A;A),Rs121913400(G;G),Rs121913400(T;T)",plus,plus,GRCh38 38.1/141,3,41224610.0,CTNNB1,(C;C),0.0,Carcinoma of colonPilomatrixomaAdenocarcinoma of prostateOesophageal carcinomaPancreatic adenocarcinomaHepatocellular carcinomaAdenocarcinoma of stomachMalignant melanoma of skinMedulloblastomaMalignant neoplasm of body of uterusTransitional cell carcinoma of the bladderEndometrial neoplasmColorectal NeoplasmsAdenocarcinoma of lungParathyroid gland neoplasmOvarian NeoplasmsNeoplasm of brain
Rs121913407,255,"Hepatocellular carcinoma,not provided,Adrenocortical carcinoma,Malignant neoplasm of body of uterus,Adenocarcinoma of lung,Adenocarcinoma of prostate,Malignant melanoma of skin,Malignant melanoma,Colorectal Neoplasms,Disease,Transitional cell carcinoma of the bladder,Neoplasm of brain",Rs121913407(T;T),"Rs121913407(C;C),Rs121913407(G;G)",plus,plus,GRCh38 38.1/141,3,41224645.0,CTNNB1,(T;T),0.0,Hepatocellular carcinomanot providedAdrenocortical carcinomaMalignant neoplasm of body of uterusAdenocarcinoma of lungAdenocarcinoma of prostateMalignant melanoma of skinMalignant melanomaColorectal NeoplasmsDiseaseTransitional cell carcinoma of the bladderNeoplasm of brain
Rs121913409,255,"Adenocarcinoma of lung,Malignant melanoma,Adenocarcinoma of prostate,Malignant melanoma of skin,Adrenocortical carcinoma,Malignant neoplasm of body of uterus,Transitional cell carcinoma of the bladder,Colorectal Neoplasms,Hepatocellular carcinoma,Disease",Rs121913409(C;C),"Rs121913409(A;A),Rs121913409(G;G),Rs121913409(T;T)",plus,plus,GRCh38 38.1/141,3,41224646.0,CTNNB1,(C;C),0.0,Adenocarcinoma of lungMalignant melanomaAdenocarcinoma of prostateMalignant melanoma of skinAdrenocortical carcinomaMalignant neoplasm of body of uterusTransitional cell carcinoma of the bladderColorectal NeoplasmsHepatocellular carcinomaDisease
Rs121913412,255,"Hepatoblastoma,Desmoid tumor, somatic,not provided,Adenocarcinoma of prostate,Adrenocortical carcinoma,Pancreatic adenocarcinoma,Malignant melanoma of skin,Malignant neoplasm of body of uterus,Adenocarcinoma of lung,Hepatocellular carcinoma,Colorectal Neoplasms",Rs121913412(A;A),"Rs121913412(C;C),Rs121913412(G;G),Rs121913412(T;T)",plus,plus,GRCh38 38.1/141,3,41224633.0,CTNNB1,(A;A),0.0,HepatoblastomaDesmoid tumornot providedAdenocarcinoma of prostateAdrenocortical carcinomaPancreatic adenocarcinomaMalignant melanoma of skinMalignant neoplasm of body of uterusAdenocarcinoma of lungHepatocellular carcinomaColorectal Neoplasms
Rs121913517,255,"Gastrointestinal stromal tumor,Malignant melanoma,Gastrointestinal stromal tumor, familial,Thymoma",Rs121913517(T;T),"Rs121913517(A;A),Rs121913517(C;C),Rs121913517(G;G)",plus,plus,GRCh38 38.1/141,4,54727444.0,KIT,(T;T),0.0,Gastrointestinal stromal tumorMalignant melanomaGastrointestinal stromal tumorThymoma
Rs12203592,255,"Skin/hair/eye pigmentation, variation in, 8",Rs12203592(C;C),Rs12203592(T;T),plus,plus,GRCh37 37.1/131,6,396321.0,IRF4,(C;C),0.0,common on affy axiom data
Rs12203592,255,"Skin/hair/eye pigmentation, variation in, 8",Rs12203592(C;C),Rs12203592(T;T),plus,plus,GRCh37 37.1/131,6,396321.0,IRF4,(C;T),2.0,"Primarily in Europeans; likely presence of freckles, brown hair and high sensitivity of skin to sun exposure."
Rs12203592,255,"Skin/hair/eye pigmentation, variation in, 8",Rs12203592(C;C),Rs12203592(T;T),plus,plus,GRCh37 37.1/131,6,396321.0,IRF4,(T;T),2.0,"Primarily in Europeans; more likely presence of freckles, brown hair and high sensitivity of skin to sun exposure"
Rs12821256,255,"Skin/hair/eye pigmentation, variation in, 7",Rs12821256(T;T),"Rs12821256(C;C),Rs12821256(G;G)",plus,plus,GRCh38 38.1/141,12,88934558.0,KIT,(C;C),,4x more likely to have blond hair
Rs12821256,255,"Skin/hair/eye pigmentation, variation in, 7",Rs12821256(T;T),"Rs12821256(C;C),Rs12821256(G;G)",plus,plus,GRCh38 38.1/141,12,88934558.0,KIT,(C;T),,2x more likely to have blond hair
Rs12821256,255,"Skin/hair/eye pigmentation, variation in, 7",Rs12821256(T;T),"Rs12821256(C;C),Rs12821256(G;G)",plus,plus,GRCh38 38.1/141,12,88934558.0,KIT,(T;T),0.0,normal
Rs12896399,255,"Skin/hair/eye pigmentation, variation in, 6",Rs12896399(G;G),Rs12896399(T;T),plus,plus,GRCh38 38.1/141,14,92307319.0,LOC105370627,(T;T),,Lighter hair color & blue eyes more likely
Rs12913832,255,"Skin/hair/eye pigmentation, variation in, 1",Rs12913832(A;A),Rs12913832(G;G),plus,plus,GRCh38 38.1/141,15,28120472.0,HERC2,(A;A),0.0,"brown eye color, 80% of the time"
Rs12913832,255,"Skin/hair/eye pigmentation, variation in, 1",Rs12913832(A;A),Rs12913832(G;G),plus,plus,GRCh38 38.1/141,15,28120472.0,HERC2,(A;G),,brown eye color
Rs12913832,255,"Skin/hair/eye pigmentation, variation in, 1",Rs12913832(A;A),Rs12913832(G;G),plus,plus,GRCh38 38.1/141,15,28120472.0,HERC2,(G;G),2.5,"blue eye color, 99% of the time"
Rs137854475,255,"Marfan syndrome,not specified,Marfanoid habitus,Thoracic aortic aneurysm and aortic dissection,Geleophysic dysplasia,Weill-Marchesani syndrome,Stiff skin syndrome,Ectopia lentis,Acromicric dysplasia,MASS syndrome",Rs137854475(G;G),Rs137854475(A;A),minus,minus,GRCh38 38.1/141,15,48487155.0,FBN1,(G;G),0.0,Marfan syndromenot specifiedMarfanoid habitusThoracic aortic aneurysm and aortic dissectionGeleophysic dysplasiaWeill-Marchesani syndromeStiff skin syndromeEctopia lentisAcromicric dysplasiaMASS syndrome
Rs137854597,255,"Melanoma, cutaneous malignant, susceptibility to, 2",Rs137854597(G;G),Rs137854597(A;A),minus,minus,GRCh38 38.1/141,9,21971094.0,CDKN2A,(G;G),0.0,common genotype
Rs137854599,255,"Melanoma, cutaneous malignant, susceptibility to, 2,Hereditary cutaneous melanoma,Hereditary cancer-predisposing syndrome,not provided",Rs137854599(G;G),Rs137854599(A;A),minus,minus,GRCh38 38.1/141,9,21971093.0,CDKN2A,(G;G),0.0,common genotype
Rs141686314,255,"Dyskeratosis congenita autosomal dominant,not provided,not specified",Rs141686314(C;C),Rs141686314(T;T),plus,plus,GRCh38 38.1/141,3,169764833.0,TERC,(C;C),0.0,Dyskeratosis congenita autosomal dominantnot providednot specified
Rs142371860,255,"Ciliary dyskinesia, primary, 21,Kartagener syndrome",Rs142371860(C;C),"Rs142371860(T;T),Rs142371860(A;A)",plus,plus,GRCh38 38.1/142,2,26421396.0,DRC1,(C;C),0.0,Ciliary dyskinesiaKartagener syndrome
Rs1426654,255,"Skin/hair/eye pigmentation, variation in, 4,not specified",Rs1426654(A;A),"Rs1426654(G;G),Rs1426654(T;T)",plus,plus,GRCh38 38.1/141,15,48134287.0,"MYEF2, SLC24A5",(A;A),2.7,"probably light-skinned, European ancestry"
Rs1426654,255,"Skin/hair/eye pigmentation, variation in, 4,not specified",Rs1426654(A;A),"Rs1426654(G;G),Rs1426654(T;T)",plus,plus,GRCh38 38.1/141,15,48134287.0,"MYEF2, SLC24A5",(A;G),2.5,mixed European + (African or Asian) ancestry possible
Rs1426654,255,"Skin/hair/eye pigmentation, variation in, 4,not specified",Rs1426654(A;A),"Rs1426654(G;G),Rs1426654(T;T)",plus,plus,GRCh38 38.1/141,15,48134287.0,"MYEF2, SLC24A5",(G;G),2.6,"probably darker-skinned, Asian or African ancestry"
Rs146726731,255,"Marfan syndrome,not specified,Acromicric dysplasia,Geleophysic dysplasia,Ectopia lentis,Weill-Marchesani syndrome,Stiff skin syndrome,Thoracic aortic aneurysm and aortic dissection,MASS syndrome",Rs146726731(C;C),Rs146726731(T;T),plus,plus,GRCh38.p2 38.2/146,15,48520779.0,FBN1,(C;C),0.0,Marfan syndromenot specifiedAcromicric dysplasiaGeleophysic dysplasiaEctopia lentisWeill-Marchesani syndromeStiff skin syndromeThoracic aortic aneurysm and aortic dissectionMASS syndrome
Rs149339264,255,"Cardiovascular phenotype,not specified,Charcot-Marie-Tooth disease, type 2,Dilated Cardiomyopathy, Dominant,Hutchinson-Gilford syndrome,Emery-Dreifuss muscular dystrophy,Familial partial lipodystrophy,Limb-Girdle Muscular Dystrophy, Recessive,Mandibuloacral dysplasia,Lipoatrophy with Diabetes, Hepatic Steatosis, Hypertrophic Cardiomyopathy, and Leukomelanodermic Papules,Congenital muscular dystrophy, LMNA-related,Charcot-Marie-Tooth, Type 2,Lethal tight skin contracture syndrome",Rs149339264(C;C),"Rs149339264(T;T),Rs149339264(A;A)",plus,plus,GRCh38.p7 38.3/149,1,156137190.0,LMNA,(A;C),6.2,Dilated cardiomyopathy
Rs149339264,255,"Cardiovascular phenotype,not specified,Charcot-Marie-Tooth disease, type 2,Dilated Cardiomyopathy, Dominant,Hutchinson-Gilford syndrome,Emery-Dreifuss muscular dystrophy,Familial partial lipodystrophy,Limb-Girdle Muscular Dystrophy, Recessive,Mandibuloacral dysplasia,Lipoatrophy with Diabetes, Hepatic Steatosis, Hypertrophic Cardiomyopathy, and Leukomelanodermic Papules,Congenital muscular dystrophy, LMNA-related,Charcot-Marie-Tooth, Type 2,Lethal tight skin contracture syndrome",Rs149339264(C;C),"Rs149339264(T;T),Rs149339264(A;A)",plus,plus,GRCh38.p7 38.3/149,1,156137190.0,LMNA,(C;C),0.0,Cardiovascular phenotypenot specifiedCharcot-Marie-Tooth diseaseDilated CardiomyopathyHutchinson-Gilford syndromeEmery-Dreifuss muscular dystrophyFamilial partial lipodystrophyLimb-Girdle Muscular DystrophyMandibuloacral dysplasiaLipoatrophy with DiabetesCongenital muscular dystrophyCharcot-Marie-ToothLethal tight skin contracture syndrome
Rs1667394,255,"Skin/hair/eye pigmentation, variation in, 1",Rs1667394(G;G),Rs1667394(A;A),minus,minus,GRCh38 38.1/141,15,28285036.0,HERC2,(A;A),1.5,blond hair & blue eyes is 4x more likely
Rs1667394,255,"Skin/hair/eye pigmentation, variation in, 1",Rs1667394(G;G),Rs1667394(A;A),minus,minus,GRCh38 38.1/141,15,28285036.0,HERC2,(G;G),1.5,"darker skin, eye and hair color is more likely"
Rs16891982,255,"Skin/hair/eye pigmentation, variation in, 5,Malignant melanoma of skin,not specified",Rs16891982(C;C),Rs16891982(G;G),plus,plus,GRCh38 38.1/141,5,33951588.0,SLC45A2,(C;C),1.1,"generally non-European, but if European, 7x more likely to have black hair"
Rs16891982,255,"Skin/hair/eye pigmentation, variation in, 5,Malignant melanoma of skin,not specified",Rs16891982(C;C),Rs16891982(G;G),plus,plus,GRCh38 38.1/141,5,33951588.0,SLC45A2,(C;G),2.0,"if European, 7x more likely to have black hair"
Rs16891982,255,"Skin/hair/eye pigmentation, variation in, 5,Malignant melanoma of skin,not specified",Rs16891982(C;C),Rs16891982(G;G),plus,plus,GRCh38 38.1/141,5,33951588.0,SLC45A2,(G;G),1.1,Generally European; Light skin; Possibly an increased risk of melanoma
Rs1800401,255,"Skin/hair/eye pigmentation, variation in, 1,not specified,Oculocutaneous albinism",Rs1800401(C;C),Rs1800401(T;T),minus,minus,GRCh38 38.1/142,15,28014907.0,OCA2,(C;C),1.0,blue/gray eyes possible
Rs1800401,255,"Skin/hair/eye pigmentation, variation in, 1,not specified,Oculocutaneous albinism",Rs1800401(C;C),Rs1800401(T;T),minus,minus,GRCh38 38.1/142,15,28014907.0,OCA2,(C;T),1.0,brown/black eyes more likely
Rs1800401,255,"Skin/hair/eye pigmentation, variation in, 1,not specified,Oculocutaneous albinism",Rs1800401(C;C),Rs1800401(T;T),minus,minus,GRCh38 38.1/142,15,28014907.0,OCA2,(T;T),1.0,brown/black eyes more likely
Rs1800407,255,"Skin/hair/eye pigmentation, variation in, 1,not specified,Oculocutaneous albinism",Rs1800407(G;G),Rs1800407(A;A),minus,minus,GRCh38 38.1/142,15,27985172.0,OCA2,(A;A),1.0,green/hazel/brown/black eyes more likely
Rs1800407,255,"Skin/hair/eye pigmentation, variation in, 1,not specified,Oculocutaneous albinism",Rs1800407(G;G),Rs1800407(A;A),minus,minus,GRCh38 38.1/142,15,27985172.0,OCA2,(A;G),1.0,green/hazel/brown/black eyes more likely
Rs1800407,255,"Skin/hair/eye pigmentation, variation in, 1,not specified,Oculocutaneous albinism",Rs1800407(G;G),Rs1800407(A;A),minus,minus,GRCh38 38.1/142,15,27985172.0,OCA2,(G;G),1.0,blue/gray eyes more possible
Rs1801516,255,"Hereditary cancer-predisposing syndrome,not specified,Ataxia-telangiectasia syndrome",Rs1801516(G;G),Rs1801516(A;A),plus,plus,GRCh38 38.1/141,11,108304735.0,ATM,(A;A),2.0,"2.76x odds of pancreatic cancer, but 0.86x reduced risk of melanoma"
Rs1805005,255,"Skin/hair/eye pigmentation 2, blond hair/fair skin,not specified,Malignant Melanoma Susceptibility",Rs1805005(G;G),Rs1805005(T;T),plus,plus,GRCh38 38.1/141,16,89919436.0,MC1R,(G;G),0.0,Skin/hair/eye pigmentation 2not specifiedMalignant Melanoma Susceptibility
Rs1805005,255,"Skin/hair/eye pigmentation 2, blond hair/fair skin,not specified,Malignant Melanoma Susceptibility",Rs1805005(G;G),Rs1805005(T;T),plus,plus,GRCh38 38.1/141,16,89919436.0,MC1R,(G;T),,
Rs1805006,255,"Cutaneous malignant melanoma 5,Malignant Melanoma Susceptibility,not provided",Rs1805006(C;C),"Rs1805006(A;A),Rs1805006(G;G)",plus,plus,GRCh38 38.1/141,16,89919510.0,MC1R,(A;A),3.0,Melanoma risk; red hair
Rs1805006,255,"Cutaneous malignant melanoma 5,Malignant Melanoma Susceptibility,not provided",Rs1805006(C;C),"Rs1805006(A;A),Rs1805006(G;G)",plus,plus,GRCh38 38.1/141,16,89919510.0,MC1R,(A;C),2.5,"Red hair carrier, higher risk of melanoma"
Rs1805006,255,"Cutaneous malignant melanoma 5,Malignant Melanoma Susceptibility,not provided",Rs1805006(C;C),"Rs1805006(A;A),Rs1805006(G;G)",plus,plus,GRCh38 38.1/141,16,89919510.0,MC1R,(C;C),0.0,common in complete genomics
Rs1805007,255,"Skin/hair/eye pigmentation 2, red hair/fair skin,Increased analgesia from kappa-opioid receptor agonist, female-specific,OCULOCUTANEOUS ALBINISM, TYPE II, MODIFIER OF,not specified,not provided,Malignant Melanoma Susceptibility,Cutaneous malignant melanoma 5",Rs1805007(C;C),"Rs1805007(T;T),Rs1805007(G;G),Rs1805007(A;A)",plus,plus,GRCh38 38.1/141,16,89919709.0,MC1R,(C;C),0.0,normal risk
Rs1805007,255,"Skin/hair/eye pigmentation 2, red hair/fair skin,Increased analgesia from kappa-opioid receptor agonist, female-specific,OCULOCUTANEOUS ALBINISM, TYPE II, MODIFIER OF,not specified,not provided,Malignant Melanoma Susceptibility,Cutaneous malignant melanoma 5",Rs1805007(C;C),"Rs1805007(T;T),Rs1805007(G;G),Rs1805007(A;A)",plus,plus,GRCh38 38.1/141,16,89919709.0,MC1R,(C;T),2.7,Carrier of a red hair associated variant; higher risk of melanoma
Rs1805007,255,"Skin/hair/eye pigmentation 2, red hair/fair skin,Increased analgesia from kappa-opioid receptor agonist, female-specific,OCULOCUTANEOUS ALBINISM, TYPE II, MODIFIER OF,not specified,not provided,Malignant Melanoma Susceptibility,Cutaneous malignant melanoma 5",Rs1805007(C;C),"Rs1805007(T;T),Rs1805007(G;G),Rs1805007(A;A)",plus,plus,GRCh38 38.1/141,16,89919709.0,MC1R,(T;T),3.2,increased response to anesthetics; 13-20x higher likelihood of red hair; increased risk of melanoma
Rs1805008,255,"Skin/hair/eye pigmentation 2, red hair/fair skin,Increased analgesia from kappa-opioid receptor agonist, female-specific,OCULOCUTANEOUS ALBINISM, TYPE II, MODIFIER OF,not specified,not provided,Malignant Melanoma Susceptibility",Rs1805008(C;C),Rs1805008(T;T),plus,plus,GRCh38 38.1/141,16,89919736.0,MC1R,(C;C),0.0,Skin/hair/eye pigmentation 2Increased analgesia from kappa-opioid receptor agonistOCULOCUTANEOUS ALBINISMnot specifiednot providedMalignant Melanoma Susceptibility
Rs1805008,255,"Skin/hair/eye pigmentation 2, red hair/fair skin,Increased analgesia from kappa-opioid receptor agonist, female-specific,OCULOCUTANEOUS ALBINISM, TYPE II, MODIFIER OF,not specified,not provided,Malignant Melanoma Susceptibility",Rs1805008(C;C),Rs1805008(T;T),plus,plus,GRCh38 38.1/141,16,89919736.0,MC1R,(C;T),2.5,"Red hair carrier, higher risk of melanoma"
Rs1805008,255,"Skin/hair/eye pigmentation 2, red hair/fair skin,Increased analgesia from kappa-opioid receptor agonist, female-specific,OCULOCUTANEOUS ALBINISM, TYPE II, MODIFIER OF,not specified,not provided,Malignant Melanoma Susceptibility",Rs1805008(C;C),Rs1805008(T;T),plus,plus,GRCh38 38.1/141,16,89919736.0,MC1R,(T;T),3.0,~7-10x higher likelihood of red hair; higher risk of melanoma
Rs1805009,255,"Skin/hair/eye pigmentation 2, red hair/fair skin,Cutaneous malignant melanoma 5,not specified,Malignant Melanoma Susceptibility,not provided",Rs1805009(G;G),"Rs1805009(C;C),Rs1805009(A;A)",plus,plus,GRCh38 38.1/141,16,89920138.0,"MC1R, TUBB3",(C;C),3.0,"red hair possible, higher risk of melanoma"
Rs1805009,255,"Skin/hair/eye pigmentation 2, red hair/fair skin,Cutaneous malignant melanoma 5,not specified,Malignant Melanoma Susceptibility,not provided",Rs1805009(G;G),"Rs1805009(C;C),Rs1805009(A;A)",plus,plus,GRCh38 38.1/141,16,89920138.0,"MC1R, TUBB3",(C;G),2.5,"Red hair carrier, higher risk of melanoma"
Rs1805009,255,"Skin/hair/eye pigmentation 2, red hair/fair skin,Cutaneous malignant melanoma 5,not specified,Malignant Melanoma Susceptibility,not provided",Rs1805009(G;G),"Rs1805009(C;C),Rs1805009(A;A)",plus,plus,GRCh38 38.1/141,16,89920138.0,"MC1R, TUBB3",(G;G),0.0,Skin/hair/eye pigmentation 2Cutaneous malignant melanoma 5not specifiedMalignant Melanoma Susceptibilitynot provided
Rs201540674,255,"Dyskeratosis congenita, autosomal recessive, 5,Pulmonary fibrosis and/or bone marrow failure, telomere-related, 3,Idiopathic fibrosing alveolitis, chronic form",Rs201540674(G;G),Rs201540674(A;A),plus,plus,GRCh38 38.1/142,20,63695619.0,"RTEL1, RTEL1-TNFRSF6B, TNFRSF6B",(A;G),3.0,Carrier of a dyskeratosis congenita (recessive) mutation
Rs201540674,255,"Dyskeratosis congenita, autosomal recessive, 5,Pulmonary fibrosis and/or bone marrow failure, telomere-related, 3,Idiopathic fibrosing alveolitis, chronic form",Rs201540674(G;G),Rs201540674(A;A),plus,plus,GRCh38 38.1/142,20,63695619.0,"RTEL1, RTEL1-TNFRSF6B, TNFRSF6B",(G;G),0.0,Dyskeratosis congenitaPulmonary fibrosis and/or bone marrow failureIdiopathic fibrosing alveolitis
Rs2228479,255,"Skin/hair/eye pigmentation 2, red hair/fair skin,Skin/hair/eye pigmentation 2, blond hair/fair skin,not specified,Malignant Melanoma Susceptibility",Rs2228479(G;G),"Rs2228479(C;C),Rs2228479(A;A)",plus,plus,GRCh38 38.1/141,16,89919532.0,MC1R,(G;G),0.0,Skin/hair/eye pigmentation 2Skin/hair/eye pigmentation 2not specifiedMalignant Melanoma Susceptibility
Rs2303067,255,"Atopy, susceptibility to,Dermatitis, atopic, 6, susceptibility to,Asthma, susceptibility to,not specified,Netherton syndrome",Rs2303067(A;A),Rs2303067(G;G),plus,plus,GRCh38 38.1/141,5,148101392.0,SPINK5,(A;A),,1.8x risk
Rs2303067,255,"Atopy, susceptibility to,Dermatitis, atopic, 6, susceptibility to,Asthma, susceptibility to,not specified,Netherton syndrome",Rs2303067(A;A),Rs2303067(G;G),plus,plus,GRCh38 38.1/141,5,148101392.0,SPINK5,(A;G),,?
Rs2303067,255,"Atopy, susceptibility to,Dermatitis, atopic, 6, susceptibility to,Asthma, susceptibility to,not specified,Netherton syndrome",Rs2303067(A;A),Rs2303067(G;G),plus,plus,GRCh38 38.1/141,5,148101392.0,SPINK5,(G;G),0.0,normal
Rs26722,255,"Skin/hair/eye pigmentation, variation in, 5,not specified,Oculocutaneous albinism",Rs26722(C;C),Rs26722(T;T),plus,plus,GRCh38 38.1/141,5,33963765.0,SLC45A2,(C;C),0.0,normal
Rs26722,255,"Skin/hair/eye pigmentation, variation in, 5,not specified,Oculocutaneous albinism",Rs26722(C;C),Rs26722(T;T),plus,plus,GRCh38 38.1/141,5,33963765.0,SLC45A2,(C;T),2.1,"perhaps darker eye, hair, skin"
Rs26722,255,"Skin/hair/eye pigmentation, variation in, 5,not specified,Oculocutaneous albinism",Rs26722(C;C),Rs26722(T;T),plus,plus,GRCh38 38.1/141,5,33963765.0,SLC45A2,(T;T),,"darker eye, hair, skin color"
Rs28934574,255,"Li-Fraumeni-like syndrome,Li-Fraumeni syndrome 1,Li-Fraumeni syndrome,Hereditary cancer-predisposing syndrome,not provided,Malignant lymphoma, non-Hodgkin,Malignant melanoma of skin,Glioblastoma,Squamous cell carcinoma of lung,Squamous cell carcinoma of the skin,Ovarian Serous Cystadenocarcinoma,Adenocarcinoma of prostate,Colorectal Neoplasms,Hepatocellular carcinoma,Transitional cell carcinoma of the bladder,Neoplasm of breast,Pancreatic adenocarcinoma,Adenocarcinoma of stomach,Oesophageal carcinoma,Adenocarcinoma of lung,Squamous cell carcinoma of the head and neck,Renal cell carcinoma,Neoplasm of brain,Malignant neoplasm of body of uterus",Rs28934574(C;C),"Rs28934574(T;T),Rs28934574(G;G)",minus,minus,GRCh38 38.1/142,17,7673776.0,TP53,(C;C),0.0,Li-Fraumeni-like syndromeLi-Fraumeni syndrome 1Li-Fraumeni syndromeHereditary cancer-predisposing syndromenot providedMalignant lymphomaMalignant melanoma of skinGlioblastomaSquamous cell carcinoma of lungSquamous cell carcinoma of the skinOvarian Serous CystadenocarcinomaAdenocarcinoma of prostateColorectal NeoplasmsHepatocellular carcinomaTransitional cell carcinoma of the bladderNeoplasm of breastPancreatic adenocarcinomaAdenocarcinoma of stomachOesophageal carcinomaAdenocarcinoma of lungSquamous cell carcinoma of the head and neckRenal cell carcinomaNeoplasm of brainMalignant neoplasm of body of uterus
Rs28934574,255,"Li-Fraumeni-like syndrome,Li-Fraumeni syndrome 1,Li-Fraumeni syndrome,Hereditary cancer-predisposing syndrome,not provided,Malignant lymphoma, non-Hodgkin,Malignant melanoma of skin,Glioblastoma,Squamous cell carcinoma of lung,Squamous cell carcinoma of the skin,Ovarian Serous Cystadenocarcinoma,Adenocarcinoma of prostate,Colorectal Neoplasms,Hepatocellular carcinoma,Transitional cell carcinoma of the bladder,Neoplasm of breast,Pancreatic adenocarcinoma,Adenocarcinoma of stomach,Oesophageal carcinoma,Adenocarcinoma of lung,Squamous cell carcinoma of the head and neck,Renal cell carcinoma,Neoplasm of brain,Malignant neoplasm of body of uterus",Rs28934574(C;C),"Rs28934574(T;T),Rs28934574(G;G)",minus,minus,GRCh38 38.1/142,17,7673776.0,TP53,(C;G),7.0,Li-Fraumeni Syndrome (predicted)
Rs28934574,255,"Li-Fraumeni-like syndrome,Li-Fraumeni syndrome 1,Li-Fraumeni syndrome,Hereditary cancer-predisposing syndrome,not provided,Malignant lymphoma, non-Hodgkin,Malignant melanoma of skin,Glioblastoma,Squamous cell carcinoma of lung,Squamous cell carcinoma of the skin,Ovarian Serous Cystadenocarcinoma,Adenocarcinoma of prostate,Colorectal Neoplasms,Hepatocellular carcinoma,Transitional cell carcinoma of the bladder,Neoplasm of breast,Pancreatic adenocarcinoma,Adenocarcinoma of stomach,Oesophageal carcinoma,Adenocarcinoma of lung,Squamous cell carcinoma of the head and neck,Renal cell carcinoma,Neoplasm of brain,Malignant neoplasm of body of uterus",Rs28934574(C;C),"Rs28934574(T;T),Rs28934574(G;G)",minus,minus,GRCh38 38.1/142,17,7673776.0,TP53,(C;T),3.5,possible association with Li-Fraumeni-like syndrome
Rs28934574,255,"Li-Fraumeni-like syndrome,Li-Fraumeni syndrome 1,Li-Fraumeni syndrome,Hereditary cancer-predisposing syndrome,not provided,Malignant lymphoma, non-Hodgkin,Malignant melanoma of skin,Glioblastoma,Squamous cell carcinoma of lung,Squamous cell carcinoma of the skin,Ovarian Serous Cystadenocarcinoma,Adenocarcinoma of prostate,Colorectal Neoplasms,Hepatocellular carcinoma,Transitional cell carcinoma of the bladder,Neoplasm of breast,Pancreatic adenocarcinoma,Adenocarcinoma of stomach,Oesophageal carcinoma,Adenocarcinoma of lung,Squamous cell carcinoma of the head and neck,Renal cell carcinoma,Neoplasm of brain,Malignant neoplasm of body of uterus",Rs28934574(C;C),"Rs28934574(T;T),Rs28934574(G;G)",minus,minus,GRCh38 38.1/142,17,7673776.0,TP53,(G;G),0.0,
Rs33980500,255,"Psoriasis susceptibility 13,not specified",Rs33980500(C;C),Rs33980500(T;T),plus,plus,GRCh38 38.1/141,6,111592059.0,"TRAF3IP2, TRAF3IP2-AS1",(C;C),0.0,common on affy axiom data
Rs33980500,255,"Psoriasis susceptibility 13,not specified",Rs33980500(C;C),Rs33980500(T;T),plus,plus,GRCh38 38.1/141,6,111592059.0,"TRAF3IP2, TRAF3IP2-AS1",(C;T),1.6,1.6x increase in risk for psoriatic arthritis
Rs33980500,255,"Psoriasis susceptibility 13,not specified",Rs33980500(C;C),Rs33980500(T;T),plus,plus,GRCh38 38.1/141,6,111592059.0,"TRAF3IP2, TRAF3IP2-AS1",(T;T),2.0,1.6x increase in risk for psoriatic arthritis
Rs34094720,255,"Aplastic anemia,Dyskeratosis congenita, autosomal recessive, 4,not specified,Dyskeratosis congenita, autosomal dominant, 2,Idiopathic fibrosing alveolitis, chronic form,Dyskeratosis Congenita, Recessive,not provided,Pulmonary fibrosis and/or bone marrow failure, telomere-related, 1",Rs34094720(C;C),Rs34094720(T;T),minus,minus,GRCh38 38.1/142,5,1293652.0,TERT,(C;C),0.0,common in complete genomics
Rs35264875,255,"Skin/hair/eye pigmentation, variation in, 10",Rs35264875(A;A),"Rs35264875(T;T),Rs35264875(C;C)",plus,plus,GRCh38 38.1/141,11,69078931.0,TPCN2,(A;A),0.0,Skin/hair/eye pigmentation
Rs35264875,255,"Skin/hair/eye pigmentation, variation in, 10",Rs35264875(A;A),"Rs35264875(T;T),Rs35264875(C;C)",plus,plus,GRCh38 38.1/141,11,69078931.0,TPCN2,(T;T),3.0,blonde hair color
Rs35719940,255,"Leukemia, acute myeloid, susceptibility to,Aplastic anemia,not specified,Dyskeratosis congenita, autosomal dominant, 2,Idiopathic fibrosing alveolitis, chronic form,Dyskeratosis Congenita, Recessive",Rs35719940(G;G),Rs35719940(A;A),minus,minus,GRCh38 38.1/141,5,1254479.0,TERT,(G;G),0.0,LeukemiaAplastic anemianot specifiedDyskeratosis congenitaIdiopathic fibrosing alveolitisDyskeratosis Congenita
Rs3829241,255,"Skin/hair/eye pigmentation, variation in, 10",Rs3829241(G;G),Rs3829241(A;A),plus,plus,GRCh38 38.1/141,11,69087895.0,TPCN2,(G;G),0.0,Skin/hair/eye pigmentation
Rs387907171,255,"Skin/hair/eye pigmentation, variation in, 11",Rs387907171(C;C),Rs387907171(T;T),plus,plus,GRCh37.p10 37.5/138,9,12694273.0,TYRP1,(C;C),0.0,Skin/hair/eye pigmentation
Rs387907171,255,"Skin/hair/eye pigmentation, variation in, 11",Rs387907171(C;C),Rs387907171(T;T),plus,plus,GRCh37.p10 37.5/138,9,12694273.0,TYRP1,(C;T),3.0,Carrier of a blond hair variant
Rs397514630,255,"Pustular psoriasis, generalized",Rs397514630(C;C),Rs397514630(T;T),plus,plus,GRCh38 38.1/141,2,113059466.0,IL36RN,(C;C),0.0,Pustular psoriasis
Rs41419545,255,"Carcinoma of colon,not provided,not specified,Hereditary cancer-predisposing syndrome,Multiple fibrofolliculomas,Spontaneous pneumothorax",Rs41419545(C;C),"Rs41419545(T;T),Rs41419545(A;A)",plus,plus,GRCh38 38.1/141,17,17215284.0,FLCN,(C;C),0.0,common in complete genomics
Rs4641,255,"not specified,not provided,Mandibuloacral dysplasia with type A lipodystrophy,Cardiovascular phenotype,Familial partial lipodystrophy,Emery-Dreifuss muscular dystrophy,Mandibuloacral dysplasia,Congenital muscular dystrophy, LMNA-related,Hutchinson-Gilford syndrome,Lethal tight skin contracture syndrome,Limb-Girdle Muscular Dystrophy, Recessive,Dilated Cardiomyopathy, Dominant,Charcot-Marie-Tooth, Type 2,Lipoatrophy with Diabetes, Hepatic Steatosis, Hypertrophic Cardiomyopathy, and Leukomelanodermic Papules",Rs4641(C;C),Rs4641(T;T),plus,plus,GRCh38 38.1/141,1,156137743.0,LMNA,(C;C),0.0,not specifiednot providedMandibuloacral dysplasia with type A lipodystrophyCardiovascular phenotypeFamilial partial lipodystrophyEmery-Dreifuss muscular dystrophyMandibuloacral dysplasiaCongenital muscular dystrophyHutchinson-Gilford syndromeLethal tight skin contracture syndromeLimb-Girdle Muscular DystrophyDilated CardiomyopathyCharcot-Marie-ToothLipoatrophy with Diabetes
Rs558269137,255,"Ichthyosis vulgaris,Dermatitis, atopic, 2, susceptibility to,Dermatitis, atopic, 2,not specified,not provided",Rs558269137(ACTG;ACTG),Rs558269137(-;-),plus,plus,GRCh38.p2 38.2/144,1,152312601.0,"FLG, FLG-AS1",(-;-),3.9,Ichthyosis vulgaris (more severe form likely)
Rs558269137,255,"Ichthyosis vulgaris,Dermatitis, atopic, 2, susceptibility to,Dermatitis, atopic, 2,not specified,not provided",Rs558269137(ACTG;ACTG),Rs558269137(-;-),plus,plus,GRCh38.p2 38.2/144,1,152312601.0,"FLG, FLG-AS1",(-;ACTG),3.0,"Ichthyosis, mild form (possible)"
Rs558269137,255,"Ichthyosis vulgaris,Dermatitis, atopic, 2, susceptibility to,Dermatitis, atopic, 2,not specified,not provided",Rs558269137(ACTG;ACTG),Rs558269137(-;-),plus,plus,GRCh38.p2 38.2/144,1,152312601.0,"FLG, FLG-AS1",(ACTG;ACTG),0.0,common/normal
Rs587776716,255,"Melanoma, cutaneous malignant, susceptibility to, 2,Melanoma-pancreatic cancer syndrome,Orolaryngeal cancer, multiple",Rs587776716(CGGGTCGGGTGAGAGTGGC;CGGGTCGGGTGAGAGTGGC),Rs587776716(-;-),plus,plus,GRCh38.p2 38.2/147,9,21971115.0,CDKN2A,(-;-),5.0,Significantly increased risk for melanoma and pancreatic cancer
Rs587776716,255,"Melanoma, cutaneous malignant, susceptibility to, 2,Melanoma-pancreatic cancer syndrome,Orolaryngeal cancer, multiple",Rs587776716(CGGGTCGGGTGAGAGTGGC;CGGGTCGGGTGAGAGTGGC),Rs587776716(-;-),plus,plus,GRCh38.p2 38.2/147,9,21971115.0,CDKN2A,(-;CGGGTCGGGTGAGAGTGGC),4.0,Significantly increased risk for melanoma and pancreatic cancer
Rs587776716,255,"Melanoma, cutaneous malignant, susceptibility to, 2,Melanoma-pancreatic cancer syndrome,Orolaryngeal cancer, multiple",Rs587776716(CGGGTCGGGTGAGAGTGGC;CGGGTCGGGTGAGAGTGGC),Rs587776716(-;-),plus,plus,GRCh38.p2 38.2/147,9,21971115.0,CDKN2A,(CGGGTCGGGTGAGAGTGGC;CGGGTCGGGTGAGAGTGGC),0.0,common/normal
Rs587780668,255,"Melanoma, cutaneous malignant, susceptibility to, 2,Hereditary cutaneous melanoma,not provided,Hereditary cancer-predisposing syndrome",Rs587780668(-;-),Rs587780668(GGCGGCGGGGAGCAGCATGGAGCC;GGCGGCGGGGAGCAGCATGGAGCC),minus,minus,GRCh38.p2 38.2/144,9,21974795.0,CDKN2A,(-;-),0.0,MelanomaHereditary cutaneous melanomanot providedHereditary cancer-predisposing syndrome
Rs587780668,255,"Melanoma, cutaneous malignant, susceptibility to, 2,Hereditary cutaneous melanoma,not provided,Hereditary cancer-predisposing syndrome",Rs587780668(-;-),Rs587780668(GGCGGCGGGGAGCAGCATGGAGCC;GGCGGCGGGGAGCAGCATGGAGCC),minus,minus,GRCh38.p2 38.2/144,9,21974795.0,CDKN2A,(-;GGCGGCGGGGAGCAGCATGGAGCC),4.0,linked to certain hereditary cancers
Rs6058017,255,"Skin/hair/eye pigmentation, variation in, 9",Rs6058017(A;A),Rs6058017(G;G),plus,plus,GRCh38 38.1/141,20,34269192.0,"AHCY, ASIP",(A;A),0.0,Skin/hair/eye pigmentation
Rs606231175,255,"Melanoma, cutaneous malignant, susceptibility to, 2",Rs606231175(;),Rs606231175(GGCGGCGGGGAGCAGCATGGAGCC;GGCGGCGGGGAGCAGCATGGAGCC),minus,minus,GRCh38.p2 38.2/147,9,21974819.0,CDKN2A,(-;-),0.0,common/normal
Rs606231175,255,"Melanoma, cutaneous malignant, susceptibility to, 2",Rs606231175(;),Rs606231175(GGCGGCGGGGAGCAGCATGGAGCC;GGCGGCGGGGAGCAGCATGGAGCC),minus,minus,GRCh38.p2 38.2/147,9,21974819.0,CDKN2A,(-;GGCGGCGGGGAGCAGCATGGAGCC),5.0,Malignant melanoma predisposing mutation
Rs61746008,255,"Marfan syndrome,Thoracic aortic aneurysm and aortic dissection,not specified,Acromicric dysplasia,Weill-Marchesani syndrome,Geleophysic dysplasia,MASS syndrome,Stiff skin syndrome,Ectopia lentis",Rs61746008(G;G),"Rs61746008(A;A),Rs61746008(C;C)",plus,plus,GRCh38 38.1/141,15,48412619.0,FBN1,(G;G),0.0,common in complete genomics
Rs61748181,255,"Aplastic anemia,not specified,Idiopathic fibrosing alveolitis, chronic form,Dyskeratosis Congenita, Recessive,Dyskeratosis congenita, autosomal dominant, 2",Rs61748181(C;C),Rs61748181(T;T),plus,plus,GRCh38 38.1/141,5,1294051.0,TERT,(C;C),0.0,Aplastic anemianot specifiedIdiopathic fibrosing alveolitisDyskeratosis CongenitaDyskeratosis congenita
Rs61748181,255,"Aplastic anemia,not specified,Idiopathic fibrosing alveolitis, chronic form,Dyskeratosis Congenita, Recessive,Dyskeratosis congenita, autosomal dominant, 2",Rs61748181(C;C),Rs61748181(T;T),plus,plus,GRCh38 38.1/141,5,1294051.0,TERT,(C;T),0.0,Benign variant according to ClinVar
Rs61748181,255,"Aplastic anemia,not specified,Idiopathic fibrosing alveolitis, chronic form,Dyskeratosis Congenita, Recessive,Dyskeratosis congenita, autosomal dominant, 2",Rs61748181(C;C),Rs61748181(T;T),plus,plus,GRCh38 38.1/141,5,1294051.0,TERT,(T;T),0.0,Benign variant according to ClinVar
Rs61816761,255,"Ichthyosis vulgaris,Dermatitis, atopic, 2, susceptibility to,not provided",Rs61816761(G;G),"Rs61816761(A;A),Rs61816761(T;T)",plus,plus,GRCh38 38.1/141,1,152313385.0,"FLG, FLG-AS1",(A;A),3.9,Ichthyosis vulgaris (more severe form likely)
Rs61816761,255,"Ichthyosis vulgaris,Dermatitis, atopic, 2, susceptibility to,not provided",Rs61816761(G;G),"Rs61816761(A;A),Rs61816761(T;T)",plus,plus,GRCh38 38.1/141,1,152313385.0,"FLG, FLG-AS1",(A;G),3.0,"Ichthyosis, mild form (possible)"
Rs61816761,255,"Ichthyosis vulgaris,Dermatitis, atopic, 2, susceptibility to,not provided",Rs61816761(G;G),"Rs61816761(A;A),Rs61816761(T;T)",plus,plus,GRCh38 38.1/141,1,152313385.0,"FLG, FLG-AS1",(G;G),0.0,Ichthyosis vulgarisDermatitisnot provided
Rs78378222,255,"Basal cell carcinoma, susceptibility to, 7,Li-Fraumeni syndrome,Li-Fraumeni syndrome 1,Hereditary cancer-predisposing syndrome",Rs78378222(A;A),Rs78378222(C;C),minus,minus,GRCh38 38.1/141,17,7668434.0,TP53,(A;A),0.0,normal
Rs78378222,255,"Basal cell carcinoma, susceptibility to, 7,Li-Fraumeni syndrome,Li-Fraumeni syndrome 1,Hereditary cancer-predisposing syndrome",Rs78378222(A;A),Rs78378222(C;C),minus,minus,GRCh38 38.1/141,17,7668434.0,TP53,(A;C),3.0,cancer risk
Rs78378222,255,"Basal cell carcinoma, susceptibility to, 7,Li-Fraumeni syndrome,Li-Fraumeni syndrome 1,Hereditary cancer-predisposing syndrome",Rs78378222(A;A),Rs78378222(C;C),minus,minus,GRCh38 38.1/141,17,7668434.0,TP53,(C;C),3.0,cancer risk
Rs80338796,255,"Noonan syndrome 5,LEOPARD syndrome 2,Noonan syndrome with multiple lentigines,Rasopathy,Noonan syndrome,not provided,Adenocarcinoma of lung,Adenocarcinoma of stomach,Malignant melanoma of skin,Colorectal Neoplasms",Rs80338796(C;C),"Rs80338796(T;T),Rs80338796(G;G)",minus,minus,GRCh38 38.1/141,3,12604200.0,RAF1,(C;C),0.0,common in clinvar
Rs80338796,255,"Noonan syndrome 5,LEOPARD syndrome 2,Noonan syndrome with multiple lentigines,Rasopathy,Noonan syndrome,not provided,Adenocarcinoma of lung,Adenocarcinoma of stomach,Malignant melanoma of skin,Colorectal Neoplasms",Rs80338796(C;C),"Rs80338796(T;T),Rs80338796(G;G)",minus,minus,GRCh38 38.1/141,3,12604200.0,RAF1,(C;T),7.0,Noonan syndrome