ID,ClinVar CLNSIG,ClinVar CLNDBN,RefGeno,RiskGeno,Orientation,Stabilized,Reference,Chromosome,Position,Gene,Genotype,Magnitude,Summary
rs11209026,255,"Inflammatory bowel disease 17, protection against,Psoriasis, protection against",Rs11209026(G;G),Rs11209026(A;A),plus,plus,GRCh38 38.1/141,1,67240275.0,IL23R,GG,1.1,"Normal, but higher risk for certain autoimmune diseases."
rs4641,255,"not specified,not provided,Mandibuloacral dysplasia with type A lipodystrophy,Cardiovascular phenotype,Familial partial lipodystrophy,Emery-Dreifuss muscular dystrophy,Mandibuloacral dysplasia,Congenital muscular dystrophy, LMNA-related,Hutchinson-Gilford syndrome,Lethal tight skin contracture syndrome,Limb-Girdle Muscular Dystrophy, Recessive,Dilated Cardiomyopathy, Dominant,Charcot-Marie-Tooth, Type 2,Lipoatrophy with Diabetes, Hepatic Steatosis, Hypertrophic Cardiomyopathy, and Leukomelanodermic Papules",Rs4641(C;C),Rs4641(T;T),plus,plus,GRCh38 38.1/141,1,156137743.0,LMNA,CC,0.0,not specifiednot providedMandibuloacral dysplasia with type A lipodystrophyCardiovascular phenotypeFamilial partial lipodystrophyEmery-Dreifuss muscular dystrophyMandibuloacral dysplasiaCongenital muscular dystrophyHutchinson-Gilford syndromeLethal tight skin contracture syndromeLimb-Girdle Muscular DystrophyDilated CardiomyopathyCharcot-Marie-ToothLipoatrophy with Diabetes
rs16891982,255,"Skin/hair/eye pigmentation, variation in, 5,Malignant melanoma of skin,not specified",Rs16891982(C;C),Rs16891982(G;G),plus,plus,GRCh38 38.1/141,5,33951588.0,SLC45A2,GG,1.1,Generally European; Light skin; Possibly an increased risk of melanoma
rs26722,255,"Skin/hair/eye pigmentation, variation in, 5,not specified,Oculocutaneous albinism",Rs26722(C;C),Rs26722(T;T),plus,plus,GRCh38 38.1/141,5,33963765.0,SLC45A2,CC,0.0,normal
rs2303067,255,"Atopy, susceptibility to,Dermatitis, atopic, 6, susceptibility to,Asthma, susceptibility to,not specified,Netherton syndrome",Rs2303067(A;A),Rs2303067(G;G),plus,plus,GRCh38 38.1/141,5,148101392.0,SPINK5,AG,,?
rs12203592,255,"Skin/hair/eye pigmentation, variation in, 8",Rs12203592(C;C),Rs12203592(T;T),plus,plus,GRCh37 37.1/131,6,396321.0,IRF4,CC,0.0,common on affy axiom data
rs35264875,255,"Skin/hair/eye pigmentation, variation in, 10",Rs35264875(A;A),"Rs35264875(T;T),Rs35264875(C;C)",plus,plus,GRCh38 38.1/141,11,69078931.0,TPCN2,AA,0.0,Skin/hair/eye pigmentation
rs1042602,255,"Skin/hair/eye pigmentation, variation in, 3,Tyrosinase-negative oculocutaneous albinism,not provided,not specified,Oculocutaneous albinism",Rs1042602(C;C),Rs1042602(A;A),plus,plus,GRCh38 38.1/141,11,89178528.0,"LOC107984363, TYR",AA,,associated with the absence of freckles
rs1126809,255,"Oculocutaneous albinism type 1, temperature sensitive,Cutaneous malignant melanoma 8,Skin/hair/eye pigmentation, variation in, 3,Skin/hair/eye pigmentation 3, blue/green eyes,not provided,Oculocutaneous albinism type 1B,Waardenburg syndrome 2 and ocular albinism, digenic,not specified,Oculocutaneous albinism",Rs1126809(G;G),Rs1126809(A;A),plus,plus,GRCh38 38.1/141,11,89284793.0,"LOC107984363, TYR",GG,0.0,normal
rs11214077,255,"Carcinoid tumor of intestine,Pheochromocytoma,Merkel cell carcinoma,not provided,not specified,Hereditary cancer-predisposing syndrome,Cowden syndrome 3,Paraganglioma and gastric stromal sarcoma,Paragangliomas 1",Rs11214077(A;A),Rs11214077(G;G),plus,plus,GRCh38 38.1/141,11,112087953.0,"SDHD, TIMM8B",AA,0.0,Carcinoid tumor of intestinePheochromocytomaMerkel cell carcinomanot providednot specifiedHereditary cancer-predisposing syndromeCowden syndrome 3Paraganglioma and gastric stromal sarcomaParagangliomas 1
rs11547328,255,"Cutaneous malignant melanoma 3,Hereditary cutaneous melanoma,Adenocarcinoma of lung,Multiple myeloma,Malignant melanoma of skin,not provided",Rs11547328(C;C),"Rs11547328(T;T),Rs11547328(A;A)",minus,minus,GRCh38 38.1/141,12,57751648.0,CDK4,GG,0.0,
rs12821256,255,"Skin/hair/eye pigmentation, variation in, 7",Rs12821256(T;T),"Rs12821256(C;C),Rs12821256(G;G)",plus,plus,GRCh38 38.1/141,12,88934558.0,KIT,CT,,2x more likely to have blond hair
rs12913832,255,"Skin/hair/eye pigmentation, variation in, 1",Rs12913832(A;A),Rs12913832(G;G),plus,plus,GRCh38 38.1/141,15,28120472.0,HERC2,AA,0.0,"brown eye color, 80% of the time"
rs1426654,255,"Skin/hair/eye pigmentation, variation in, 4,not specified",Rs1426654(A;A),"Rs1426654(G;G),Rs1426654(T;T)",plus,plus,GRCh38 38.1/141,15,48134287.0,"MYEF2, SLC24A5",AA,2.7,"probably light-skinned, European ancestry"
rs1805005,255,"Skin/hair/eye pigmentation 2, blond hair/fair skin,not specified,Malignant Melanoma Susceptibility",Rs1805005(G;G),Rs1805005(T;T),plus,plus,GRCh38 38.1/141,16,89919436.0,MC1R,GG,0.0,Skin/hair/eye pigmentation 2not specifiedMalignant Melanoma Susceptibility
rs1805006,255,"Cutaneous malignant melanoma 5,Malignant Melanoma Susceptibility,not provided",Rs1805006(C;C),"Rs1805006(A;A),Rs1805006(G;G)",plus,plus,GRCh38 38.1/141,16,89919510.0,MC1R,CC,0.0,common in complete genomics
rs2228479,255,"Skin/hair/eye pigmentation 2, red hair/fair skin,Skin/hair/eye pigmentation 2, blond hair/fair skin,not specified,Malignant Melanoma Susceptibility",Rs2228479(G;G),"Rs2228479(C;C),Rs2228479(A;A)",plus,plus,GRCh38 38.1/141,16,89919532.0,MC1R,GG,0.0,Skin/hair/eye pigmentation 2Skin/hair/eye pigmentation 2not specifiedMalignant Melanoma Susceptibility
rs1805007,255,"Skin/hair/eye pigmentation 2, red hair/fair skin,Increased analgesia from kappa-opioid receptor agonist, female-specific,OCULOCUTANEOUS ALBINISM, TYPE II, MODIFIER OF,not specified,not provided,Malignant Melanoma Susceptibility,Cutaneous malignant melanoma 5",Rs1805007(C;C),"Rs1805007(T;T),Rs1805007(G;G),Rs1805007(A;A)",plus,plus,GRCh38 38.1/141,16,89919709.0,MC1R,CC,0.0,normal risk
rs1805008,255,"Skin/hair/eye pigmentation 2, red hair/fair skin,Increased analgesia from kappa-opioid receptor agonist, female-specific,OCULOCUTANEOUS ALBINISM, TYPE II, MODIFIER OF,not specified,not provided,Malignant Melanoma Susceptibility",Rs1805008(C;C),Rs1805008(T;T),plus,plus,GRCh38 38.1/141,16,89919736.0,MC1R,CC,0.0,Skin/hair/eye pigmentation 2Increased analgesia from kappa-opioid receptor agonistOCULOCUTANEOUS ALBINISMnot specifiednot providedMalignant Melanoma Susceptibility
rs12150220,255,Vitiligo-associated multiple autoimmune disease susceptibility 1,Rs12150220(A;A),Rs12150220(T;T),plus,plus,GRCh38 38.1/141,17,5582047.0,NLRP1,AT,,slightly increased risk for several autoimmune diseases
rs28934574,255,"Li-Fraumeni-like syndrome,Li-Fraumeni syndrome 1,Li-Fraumeni syndrome,Hereditary cancer-predisposing syndrome,not provided,Malignant lymphoma, non-Hodgkin,Malignant melanoma of skin,Glioblastoma,Squamous cell carcinoma of lung,Squamous cell carcinoma of the skin,Ovarian Serous Cystadenocarcinoma,Adenocarcinoma of prostate,Colorectal Neoplasms,Hepatocellular carcinoma,Transitional cell carcinoma of the bladder,Neoplasm of breast,Pancreatic adenocarcinoma,Adenocarcinoma of stomach,Oesophageal carcinoma,Adenocarcinoma of lung,Squamous cell carcinoma of the head and neck,Renal cell carcinoma,Neoplasm of brain,Malignant neoplasm of body of uterus",Rs28934574(C;C),"Rs28934574(T;T),Rs28934574(G;G)",minus,minus,GRCh38 38.1/142,17,7673776.0,TP53,GG,0.0,
rs11540652,255,"Li-Fraumeni syndrome 1,Hereditary cancer-predisposing syndrome,Sarcoma,Li-Fraumeni syndrome 2,Li-Fraumeni syndrome,not provided,Uterine Carcinosarcoma,Transitional cell carcinoma of the bladder,Neoplasm of brain,Squamous cell carcinoma of lung,Brainstem glioma,Medulloblastoma,Myelodysplastic syndrome,Pancreatic adenocarcinoma,Squamous cell carcinoma of the head and neck,Adenocarcinoma of lung,Acute myeloid leukemia,Chronic lymphocytic leukemia,Ovarian Serous Cystadenocarcinoma,Adenocarcinoma of stomach,Small cell lung cancer,Squamous cell carcinoma of the skin,Hepatocellular carcinoma,Neoplasm of breast,Oesophageal carcinoma,Multiple myeloma,Colorectal Neoplasms,Glioblastoma,Malignant melanoma of skin,Adenocarcinoma of prostate,Malignant neoplasm of body of uterus,Neoplasm",Rs11540652(G;G),"Rs11540652(A;A),Rs11540652(C;C),Rs11540652(T;T)",minus,minus,GRCh38 38.1/141,17,7674220.0,TP53,CC,0.0,
rs41419545,255,"Carcinoma of colon,not provided,not specified,Hereditary cancer-predisposing syndrome,Multiple fibrofolliculomas,Spontaneous pneumothorax",Rs41419545(C;C),"Rs41419545(T;T),Rs41419545(A;A)",plus,plus,GRCh38 38.1/141,17,17215284.0,FLCN,CC,0.0,common in complete genomics
